{
  "group": {
    "name": "Lobby",
    "wrapper": [
      "Wrapper-1"
    ],
    "kickedForceFallback": true,
    "serverType": "BUKKIT",
    "groupMode": "LOBBY",
    "globalTemplate": {
      "name": "globaltemplate",
      "backend": "LOCAL",
      "url": null,
      "processPreParameters": [],
      "installablePlugins": []
    },
    "templates": [
      {
        "name": "default",
        "backend": "LOCAL",
        "url": null,
        "processPreParameters": [],
        "installablePlugins": []
      }
    ],
    "memory": 356,
    "dynamicMemory": 512,
    "joinPower": 0,
    "maintenance": false,
    "minOnlineServers": 0,
    "maxOnlineServers": -1,
    "advancedServerConfig": {
      "notifyPlayerUpdatesFromNoCurrentPlayer": true,
      "notifyProxyUpdates": true,
      "notifyServerUpdates": true,
      "disableAutoSavingForWorlds": true
    },
    "percentForNewServerAutomatically": 50,
    "priorityService": {
      "stopTimeInSeconds": 300,
      "global": {
        "onlineServers": 1,
        "onlineCount": 100
      },
      "group": {
        "onlineServers": 0,
        "onlineCount": 100
      }
    },
    "settings": {}
  }
}