{
  "prefix": "§bCloud §8|§7 ",
  "kick-maintenance": "§cThe network is currently in maintenance mode",
  "full-join": "§cThe Network is full! You can join with a higher permissions!",
  "hubCommandNoServerFound": "§cNo server was found, please wait",
  "joinpower-deny": "You don't have any permissions to enter this server",
  "server-group-maintenance-kick": "§cThis group is currently in maintenance mode!",
  "mob-selector-maintenance-message": "§cThis group is currently in maintenance mode, please wait, before you can play!",
  "notify-message-server-add": "§cThe server %server% is starting now...",
  "notify-message-server-remove": "§cThe server %server% is now stopping!",
  "hub-already": "§cYou are already connected to a hub server",
  "server-kick-proxy-disallow": "§cYou have to connect from a internal proxy server!"
}