{
  "mobConfig": {
    "inventorySize": 54,
    "startPoint": 10,
    "itemLayout": {
      "itemId": 388,
      "subId": 0,
      "display": "§6%server%",
      "lore": [
        " ",
        "§e%state%",
        "§e%online_players% §8/§e%max_players%",
        "§e%motd%"
      ]
    },
    "defaultItemInventory": {
      "1": {
        "itemId": 160,
        "subId": 15,
        "display": " ",
        "lore": [
          " "
        ]
      },
      "2": {
        "itemId": 160,
        "subId": 15,
        "display": " ",
        "lore": [
          " "
        ]
      },
      "3": {
        "itemId": 160,
        "subId": 15,
        "display": " ",
        "lore": [
          " "
        ]
      },
      "4": {
        "itemId": 160,
        "subId": 15,
        "display": " ",
        "lore": [
          " "
        ]
      },
      "5": {
        "itemId": 160,
        "subId": 15,
        "display": " ",
        "lore": [
          " "
        ]
      },
      "6": {
        "itemId": 160,
        "subId": 15,
        "display": " ",
        "lore": [
          " "
        ]
      },
      "7": {
        "itemId": 160,
        "subId": 15,
        "display": " ",
        "lore": [
          " "
        ]
      },
      "8": {
        "itemId": 160,
        "subId": 15,
        "display": " ",
        "lore": [
          " "
        ]
      },
      "9": {
        "itemId": 160,
        "subId": 15,
        "display": " ",
        "lore": [
          " "
        ]
      }
    }
  }
}