{
  "layout_config": {
    "fullServerHide": true,
    "knockbackOnSmallDistance": false,
    "distance": 1.0,
    "strength": 0.8,
    "groupLayouts": [
      {
        "name": "default",
        "layouts": [
          {
            "name": "empty",
            "signLayout": [
              "%server%",
              "&e%state%",
              "%online_players%/%max_players%",
              "%motd%"
            ],
            "blockId": 159,
            "subId": 0
          },
          {
            "name": "online",
            "signLayout": [
              "%server%",
              "&e%state%",
              "%online_players%/%max_players%",
              "%motd%"
            ],
            "blockId": 159,
            "subId": 0
          },
          {
            "name": "full",
            "signLayout": [
              "%server%",
              "&ePREMIUM",
              "%online_players%/%max_players%",
              "%motd%"
            ],
            "blockId": 159,
            "subId": 0
          },
          {
            "name": "maintenance",
            "signLayout": [
              "§8§m---------",
              "maintenance",
              "§cmode",
              "§8§m---------"
            ],
            "blockId": 159,
            "subId": 0
          }
        ]
      }
    ],
    "searchingAnimation": {
      "animations": 33,
      "animationsPerSecond": 11,
      "searchingLayouts": [
        {
          "name": "loading1",
          "signLayout": [
            "",
            "server loads...",
            "o                ",
            ""
          ],
          "blockId": 159,
          "subId": 14
        },
        {
          "name": "loading2",
          "signLayout": [
            "",
            "server loads...",
            " o               ",
            ""
          ],
          "blockId": 159,
          "subId": 14
        },
        {
          "name": "loading3",
          "signLayout": [
            "",
            "server loads...",
            "  o              ",
            ""
          ],
          "blockId": 159,
          "subId": 14
        },
        {
          "name": "loading4",
          "signLayout": [
            "",
            "server loads...",
            "   o             ",
            ""
          ],
          "blockId": 159,
          "subId": 14
        },
        {
          "name": "loading5",
          "signLayout": [
            "",
            "server loads...",
            "    o            ",
            ""
          ],
          "blockId": 159,
          "subId": 14
        },
        {
          "name": "loading6",
          "signLayout": [
            "",
            "server loads...",
            "o    o           ",
            ""
          ],
          "blockId": 159,
          "subId": 14
        },
        {
          "name": "loading7",
          "signLayout": [
            "",
            "server loads...",
            " o    o          ",
            ""
          ],
          "blockId": 159,
          "subId": 14
        },
        {
          "name": "loading8",
          "signLayout": [
            "",
            "server loads...",
            "  o    o         ",
            ""
          ],
          "blockId": 159,
          "subId": 14
        },
        {
          "name": "loading9",
          "signLayout": [
            "",
            "server loads...",
            "   o    o        ",
            ""
          ],
          "blockId": 159,
          "subId": 14
        },
        {
          "name": "loading10",
          "signLayout": [
            "",
            "server loads...",
            "    o    o       ",
            ""
          ],
          "blockId": 159,
          "subId": 14
        },
        {
          "name": "loading11",
          "signLayout": [
            "",
            "server loads...",
            "o    o    o      ",
            ""
          ],
          "blockId": 159,
          "subId": 14
        },
        {
          "name": "loading12",
          "signLayout": [
            "",
            "server loads...",
            " o    o    o     ",
            ""
          ],
          "blockId": 159,
          "subId": 14
        },
        {
          "name": "loading13",
          "signLayout": [
            "",
            "server loads...",
            "  o    o    o    ",
            ""
          ],
          "blockId": 159,
          "subId": 14
        },
        {
          "name": "loading14",
          "signLayout": [
            "",
            "server loads...",
            "   o    o    o   ",
            ""
          ],
          "blockId": 159,
          "subId": 14
        },
        {
          "name": "loading15",
          "signLayout": [
            "",
            "server loads...",
            "    o    o    o  ",
            ""
          ],
          "blockId": 159,
          "subId": 14
        },
        {
          "name": "loading16",
          "signLayout": [
            "",
            "server loads...",
            "o    o    o    o ",
            ""
          ],
          "blockId": 159,
          "subId": 14
        },
        {
          "name": "loading17",
          "signLayout": [
            "",
            "server loads...",
            " o    o    o    o",
            ""
          ],
          "blockId": 159,
          "subId": 14
        },
        {
          "name": "loading18",
          "signLayout": [
            "",
            "server loads...",
            "  o    o    o    ",
            ""
          ],
          "blockId": 159,
          "subId": 14
        },
        {
          "name": "loading19",
          "signLayout": [
            "",
            "server loads...",
            "   o    o    o   ",
            ""
          ],
          "blockId": 159,
          "subId": 14
        },
        {
          "name": "loading20",
          "signLayout": [
            "",
            "server loads...",
            "    o    o    o   ",
            ""
          ],
          "blockId": 159,
          "subId": 14
        },
        {
          "name": "loading21",
          "signLayout": [
            "",
            "server loads...",
            "     o    o    o ",
            ""
          ],
          "blockId": 159,
          "subId": 14
        },
        {
          "name": "loading22",
          "signLayout": [
            "",
            "server loads...",
            "      o    o    o",
            ""
          ],
          "blockId": 159,
          "subId": 14
        },
        {
          "name": "loading23",
          "signLayout": [
            "",
            "server loads...",
            "       o    o    ",
            ""
          ],
          "blockId": 159,
          "subId": 14
        },
        {
          "name": "loading24",
          "signLayout": [
            "",
            "server loads...",
            "        o    o   ",
            ""
          ],
          "blockId": 159,
          "subId": 14
        },
        {
          "name": "loading25",
          "signLayout": [
            "",
            "server loads...",
            "         o    o  ",
            ""
          ],
          "blockId": 159,
          "subId": 14
        },
        {
          "name": "loading26",
          "signLayout": [
            "",
            "server loads...",
            "          o    o ",
            ""
          ],
          "blockId": 159,
          "subId": 14
        },
        {
          "name": "loading27",
          "signLayout": [
            "",
            "server loads...",
            "           o    o",
            ""
          ],
          "blockId": 159,
          "subId": 14
        },
        {
          "name": "loading28",
          "signLayout": [
            "",
            "server loads...",
            "            o    ",
            ""
          ],
          "blockId": 159,
          "subId": 14
        },
        {
          "name": "loading29",
          "signLayout": [
            "",
            "server loads...",
            "             o   ",
            ""
          ],
          "blockId": 159,
          "subId": 14
        },
        {
          "name": "loading30",
          "signLayout": [
            "",
            "server loads...",
            "              o  ",
            ""
          ],
          "blockId": 159,
          "subId": 14
        },
        {
          "name": "loading31",
          "signLayout": [
            "",
            "server loads...",
            "               o ",
            ""
          ],
          "blockId": 159,
          "subId": 14
        },
        {
          "name": "loading32",
          "signLayout": [
            "",
            "server loads...",
            "                o",
            ""
          ],
          "blockId": 159,
          "subId": 14
        },
        {
          "name": "loading33",
          "signLayout": [
            "",
            "server loads...",
            "                 ",
            ""
          ],
          "blockId": 159,
          "subId": 14
        }
      ]
    }
  }
}