{
  "wrapper": [
    {
      "id": "Wrapper-1",
      "hostName": "192.168.56.1",
      "user": "admin"
    }
  ],
  "proxyGroups": [
    {
      "name": "Bungee",
      "wrapper": [
        "Wrapper-1"
      ],
      "template": {
        "name": "default",
        "backend": "LOCAL",
        "url": null,
        "processPreParameters": [],
        "installablePlugins": []
      },
      "proxyVersion": "BUNGEECORD",
      "startPort": 25565,
      "startup": 1,
      "memory": 128,
      "proxyConfig": {
        "enabled": true,
        "maintenance": false,
        "motdsLayouts": [
          {
            "firstLine": "   §b§lCloud§f§lNet§8■ §7your §bfree §7cloudsystem §8§l【§f%version%§8§l】",
            "secondLine": "         §aOnline §8» §7We are now §aavailable §7for §ball"
          }
        ],
        "maintenanceMotdLayout": {
          "firstLine": "   §b§lCloud§f§lNet§8■ §7your §bfree §7cloudsystem §8§l【§f%version%§8§l】",
          "secondLine": "         §bMaintenance §8» §7We are still in §bmaintenance"
        },
        "maintenaceProtocol": "§8➜ §bMaintenance §8§l【§c✘§8§l】",
        "maxPlayers": 1000,
        "fastConnect": false,
        "customPayloadFixer": true,
        "autoSlot": {
          "dynamicSlotSize": 0,
          "enabled": false
        },
        "tabList": {
          "enabled": true,
          "header": " \n§b§lCloud§f§lNet §8× §7your §bfree §7cloudsystem §8➜ §f%online_players%§8/§f%max_players%§f\n §8► §7Current server §8● §b%server% §8◄ \n ",
          "footer": " \n §7Twitter §8» §f@Dytanic §8▎ §7Discord §8» §fdiscord.gg/UNQ4wET \n §7powered by §8» §b§b§lCloud§f§lNet \n "
        },
        "playerInfo": [
          " ",
          "§b§lCloud§f§lNet §8× §7your §bfree §7cloudsystem",
          "§7Twitter §8» §f@CloudNetService",
          "§7Discord §8» §fdiscord.gg/UNQ4wET",
          " "
        ],
        "whitelist": [],
        "dynamicFallback": {
          "defaultFallback": "Lobby",
          "fallbacks": [
            {
              "group": "Lobby",
              "permission": null
            }
          ]
        }
      },
      "proxyGroupMode": "DYNAMIC",
      "settings": {}
    }
  ]
}